annotator_id,bias,precision
annotator_0,1.0374575,1.2342169
annotator_3,1.031502,1.2372829
annotator_2,1.3443105,0.45565775
annotator_6,1.6196164,0.4023887
annotator_7,1.274765,0.8516773
annotator_1,1.2312316,0.890975
annotator_5,1.1409323,1.1338964
annotator_4,0.9575945,1.1413873
